"Stop name","City"
"9 Maja","Wrocław"
"Adamczewskich","Wrocław"
"Adamieckiego","Wrocław"
"Aleja Pracy","Wrocław"
"Aleja Wędrowców","Wrocław"
"Al. Piastów","Wrocław"
"Arabska","Wrocław"
"Arena","Wrocław"
"Arkady (Capitol)","Wrocław"
"Armii Krajowej","Wrocław"
"Auchan","Wrocław"
"Autostrada","Wrocław"
"Azaliowa","Wrocław"
"Bacciarellego","Wrocław"
"Bagatela","Wrocław"
"Bajana","Wrocław"
"BAJANA - pętla","Wrocław"
"Bałtycka","Wrocław"
"BARDZKA","Wrocław"
"BARDZKA (Cmentarz)","Wrocław"
"BARTOSZOWICE","Wrocław"
"Bąków","Wrocław"
"Berenta","Wrocław"
"Bezpieczna","Wrocław"
"Białych Goździków","Wrocław"
"BIELANY WROCŁAWSKIE","Wrocław"
"Bielany - Kościół","Wrocław"
"Bielany - Kwiatowa","Wrocław"
"Bielany - MAKRO","Wrocław"
"Bielany - PKP","Wrocław"
"Bielany - PKS","Wrocław"
"Bielany - skrzyżowanie","Wrocław"
"Bielawa","Wrocław"
"BIEŃKOWICE","Wrocław"
"Bierdzany","Wrocław"
"Bierutowska","Wrocław"
"Bierutowska 75","Wrocław"
"BIERUTOWSKA (Ośrodek zdrowia)","Wrocław"
"Bierutowska - wiadukt","Wrocław"
"Bierzyce","Wrocław"
"Bierzyce - wieś","Wrocław"
"Biestrzyków - skrzyżowanie","Wrocław"
"Biskupice Podgórne Dong Seo/Dong Yang","Wrocław"
"Biskupice Podgórne LG Chem","Wrocław"
"Biskupice Podgórne LG Display","Wrocław"
"Biskupice Podgórne LG Electronics","Wrocław"
"Biskupice Podgórne LG Innotek","Wrocław"
"BISKUPIN","Wrocław"
"BLACHARSKA","Wrocław"
"BLIZANOWICE","Wrocław"
"Blizanowicka","Wrocław"
"Bociania","Wrocław"
"Bogusławice","Wrocław"
"Bojanowska","Wrocław"
"Borowa - skrz.","Wrocław"
"Borowa - skrzyżowanie","Wrocław"
"Borowa - stacja kolejowa","Wrocław"
"Borowa - Stacja PKP","Wrocław"
"Borowa - szkoła","Wrocław"
"Borowska","Wrocław"
"Borowska","Wrocław"
"Braterska","Wrocław"
"Brochowska","Wrocław"
"BROCHÓW","Wrocław"
"BROCHÓW (Stacja kolejowa)","Wrocław"
"Brodnicka","Wrocław"
"Brodzka","Wrocław"
"Brodzka - łącznik","Wrocław"
"Broniewskiego","Wrocław"
"Brücknera","Wrocław"
"Brzezia Łąka-skrzy.Orzechowa","Wrocław"
"Brzezia Łąka-skrzy.Sportowa","Wrocław"
"Brzezia Łąka Główna","Wrocław"
"Brzezia Łąka Główna pętla","Wrocław"
"Brzezia Łąka - cmentarz","Wrocław"
"Brzezia Łąka - Główna","Wrocław"
"Brzezia Łąka - Lipowa","Wrocław"
"Brzezia Łąka - skrzy. Główna","Wrocław"
"Brzezia Łąka - Wrocławska","Wrocław"
"Brzezina","Wrocław"
"BRZEZINA (pętla)","Wrocław"
"Brzezina - Chrobrego","Wrocław"
"Brzezina - Kościół","Wrocław"
"Brzezina - Osiedle","Wrocław"
"BRZEZINA - pętla","Wrocław"
"Brzezinka Średzka","Wrocław"
"Brzezinka Średzka - Główna","Wrocław"
"Brzezińska","Wrocław"
"Budziwojowice","Wrocław"
"Buforowa","Wrocław"
"Bujwida","Wrocław"
"Bukowina","Wrocław"
"Bukowina - skrzy.","Wrocław"
"Bukowina - skrzyżowanie","Wrocław"
"Bukowskiego","Wrocław"
"Byków","Wrocław"
"Byków - Bar","Wrocław"
"Byków - Jaśminowa","Wrocław"
"Byków - Lange","Wrocław"
"Byków - Ogrodowa","Wrocław"
"Bystrzycka","Wrocław"
"Bzowa","Wrocław"
"Ceglana","Wrocław"
"Centralna","Wrocław"
"Centrostal","Wrocław"
"CENTRUM HURTU UL. GIEŁDOWA","Wrocław"
"Centrum Zarządzania Kryzysowego","Wrocław"
"Cesarzowice skrz.","Wrocław"
"Chełmońskiego","Wrocław"
"Chińska","Wrocław"
"Chłodna","Wrocław"
"Chłopska","Wrocław"
"Chociebuska","Wrocław"
"Chopina","Wrocław"
"Chwałkowska","Wrocław"
"C.H. Korona","Wrocław"
"Ciechocińska","Wrocław"
"Cynamonowa","Wrocław"
"Czajkowskiego","Wrocław"
"Damrota","Wrocław"
"Daszyńskiego","Wrocław"
"Dawida","Wrocław"
"Dąbrowica","Wrocław"
"DH Astra","Wrocław"
"Długa","Wrocław"
"DŁUGA (Politechnika)","Wrocław"
"Długołęka-Broniewskiego (na wys. nr 11)","Wrocław"
"Długołęka-Parkowa skrzy. Konopnicka","Wrocław"
"Długołęka Nowy Urząd","Wrocław"
"Długołęka Urząd Gminy","Wrocław"
"Długołęka - Kasztanowa","Wrocław"
"Długołęka - Kościół","Wrocław"
"Długołęka - Nowy Urząd","Wrocław"
"Długołęka - Parkowa/skrzy.","Wrocław"
"Długołęka - Robotnicza","Wrocław"
"Długołęka - SELGROS","Wrocław"
"Długołęka - SELGROS pętla","Wrocław"
"Długołęka - skrzyżowanie","Wrocław"
"Długołęka - Volvo","Wrocław"
"Długołęka - Wiejska","Wrocław"
"Długołęka - Wrocławska","Wrocław"
"Długosza","Wrocław"
"Dmowskiego","Wrocław"
"Dobroszów","Wrocław"
"Dobroszów Oleśnicki","Wrocław"
"Dobroszycka","Wrocław"
"Dokerska","Wrocław"
"Dolmed","Wrocław"
"Dolnobrzeska","Wrocław"
"Dolnośląska Szkoła Wyższa","Wrocław"
"DOMASZCZYN","Wrocław"
"Domaszczyn Kościół","Wrocław"
"Domaszczyn Stawowa","Wrocław"
"Domaszczyn -Trzebnicka","Wrocław"
"Domaszczyn Wrocławska sklep","Wrocław"
"Domaszczyn Wrocławska Skrzyżowanie","Wrocław"
"Domaszczyn - Dębowa","Wrocław"
"Domaszczyn - sklep","Wrocław"
"Domaszczyn - skrzy.","Wrocław"
"Domaszczyn - skrzyżowanie","Wrocław"
"Domaszczyn - Trzebnicka","Wrocław"
"Drukarska","Wrocław"
"Drzewieckiego","Wrocław"
"Dubois","Wrocław"
"Durok-skrzy.","Wrocław"
"DWORCOWA","Wrocław"
"Dworska","Wrocław"
"DWORZEC AUTOBUSOWY","Wrocław"
"DWORZEC GŁ. PKP","Wrocław"
"DWORZEC NADODRZE","Wrocław"
"DW. ŚWIEBODZKI","Wrocław"
"Dyrekcyjna","Wrocław"
"Działdowska","Wrocław"
"Dzielna","Wrocław"
"EPI","Wrocław"
"Eureka","Wrocław"
"Fadroma","Wrocław"
"FAT","Wrocław"
"Fieldorfa","Wrocław"
"Fieldorfa (Szpital)","Wrocław"
"Fiołkowa","Wrocław"
"Forum Muzyki","Wrocław"
"GAJ","Wrocław"
"GAJ","Wrocław"
"Gajowa","Wrocław"
"Gajowa (Dawida)","Wrocław"
"Gajowicka","Wrocław"
"Gajowicka (Gimnazjum nr 23)","Wrocław"
"GAJ - pętla","Wrocław"
"GALERIA DOMINIKAŃSKA","Wrocław"
"Gałczyńskiego","Wrocław"
"Gałowska","Wrocław"
"GAŁÓW","Wrocław"
"GAŁÓW (pętla)","Wrocław"
"Gałów - ferma","Wrocław"
"Gałów - PGR","Wrocław"
"Gałów - Przedszkole","Wrocław"
"Gazowa","Wrocław"
"Gądowianka","Wrocław"
"Gąsiorowskiego","Wrocław"
"Gęsia","Wrocław"
"Gimnazjum nr 23","Wrocław"
"Glinianki","Wrocław"
"Głogowska","Wrocław"
"Główna","Wrocław"
"Głubczycka","Wrocław"
"Godebskiego","Wrocław"
"Godzieszowa","Wrocław"
"Godzieszowa (na wys. nr 8)","Wrocław"
"Godzieszowa - stajnia","Wrocław"
"Godzieszowa - transformator","Wrocław"
"Gorlicka","Wrocław"
"Gospodarska","Wrocław"
"Góra Kapliczna","Wrocław"
"Górnickiego","Wrocław"
"Górnicza","Wrocław"
"GRABISZYNEK","Wrocław"
"Grabiszyńska","Wrocław"
"GRABISZYŃSKA (Cmentarz)","Wrocław"
"GRABISZYŃSKA (Cmentarz II)","Wrocław"
"Grabowa","Wrocław"
"Graniczna","Wrocław"
"Graniczna (Strachowicka)","Wrocław"
"Grawerska","Wrocław"
"Groblice II-Kotowicka","Wrocław"
"Groblice - Kolejowa","Wrocław"
"Grochowa","Wrocław"
"Gromadzka","Wrocław"
"Grudziądzka","Wrocław"
"Grunwaldzka","Wrocław"
"Grzybowa","Wrocław"
"Gwiaździsta","Wrocław"
"Hala Orbita","Wrocław"
"Hala Stulecia","Wrocław"
"Hala Targowa","Wrocław"
"HALLERA","Wrocław"
"Hartmana","Wrocław"
"Hermanowska","Wrocław"
"Hippiczna","Wrocław"
"Hotel Wrocław","Wrocław"
"Hubska","Wrocław"
"Hubska (Dawida)","Wrocław"
"Husarska","Wrocław"
"Hutmen","Wrocław"
"Hutnicza","Wrocław"
"Hynka","Wrocław"
"Ibn Siny Avicenny","Wrocław"
"Inflancka","Wrocław"
"Inowrocławska","Wrocław"
"Inżynierska","Wrocław"
"Irysowa","Wrocław"
"Iwiny (Rondo)","Wrocław"
"Iwiny - Brochowska","Wrocław"
"Iwiny - Kolejowa","Wrocław"
"IWINY - pętla","Wrocław"
"Iwiny - Polna","Wrocław"
"Iwiny - Słoneczna","Wrocław"
"Jabłeczna","Wrocław"
"Jagodno","Wrocław"
"JAKSONOWICE","Wrocław"
"Jaksonowice (na wys. bud 27)","Wrocław"
"Jaksonowice - skrzy.","Wrocław"
"Janówek","Wrocław"
"JANÓWEK (WOŚ)","Wrocław"
"Januszkowice","Wrocław"
"Januszkowice - skrzy. Kępa","Wrocław"
"Januszkowice - Wierzbowa","Wrocław"
"Januszkowice - Wrocławska","Wrocław"
"Jarnołtowska","Wrocław"
"JARNOŁTÓW","Wrocław"
"Jarocińska","Wrocław"
"Jarzębinowa","Wrocław"
"Jastrzębia","Wrocław"
"Jaszkotle","Wrocław"
"Jaworowa","Wrocław"
"Jedności Narodowej","Wrocław"
"Jeleniogórska","Wrocław"
"Jerzmanowo","Wrocław"
"Jerzmanowo (Cmentarz)","Wrocław"
"JERZMANOWO (Cmentarz I)","Wrocław"
"JERZMANOWO (Cmentarz II)","Wrocław"
"JERZMANOWO (Pętla)","Wrocław"
"Jerzmanowska","Wrocław"
"JERZMANOWSKA (Pętla)","Wrocław"
"Jędrzejowska","Wrocław"
"Joannitów","Wrocław"
"Jordanowska","Wrocław"
"Jutrosińska","Wrocław"
"Jutrzenki","Wrocław"
"Kaczorowskiego","Wrocław"
"Kadłubka","Wrocław"
"Kajdasza","Wrocław"
"Kamienna","Wrocław"
"Kamiennogórska","Wrocław"
"Kamieńskiego","Wrocław"
"KAMIEŃSKIEGO (Pętla)","Wrocław"
"Kamieńskiego szpital","Wrocław"
"Kamień Brylantowa","Wrocław"
"Kamień Diamentowa","Wrocław"
"Kamień I","Wrocław"
"Kamień II","Wrocław"
"Kamień Jantarowa","Wrocław"
"Kamień - Bursztynowa","Wrocław"
"Kamień - skrzy.","Wrocław"
"Karłowicza","Wrocław"
"Karwińska","Wrocław"
"Kasprowicza","Wrocław"
"Katedra","Wrocław"
"Kątna","Wrocław"
"Kątowa","Wrocław"
"Kąty Wilczyckie","Wrocław"
"Kępa","Wrocław"
"Kępa - skrzy.","Wrocław"
"Kępa - Skrzyżowanie","Wrocław"
"Kępińska","Wrocław"
"Kętrzyńska","Wrocław"
"Kiełczowska","Wrocław"
"Kiełczowska (LZN)","Wrocław"
"KIEŁCZOWSKA (LZN)","Wrocław"
"Kiełczowska (cmentarz)","Wrocław"
"KIEŁCZÓW","Wrocław"
"Kiełczówek","Wrocław"
"Kiełczówek - pętla","Wrocław"
"Kiełczów Południowa","Wrocław"
"Kiełczów Wschodnia","Wrocław"
"Kiełczów - Biedronka","Wrocław"
"Kiełczów - Boczna","Wrocław"
"Kiełczów - Brzozowa","Wrocław"
"Kiełczów - cmentarz","Wrocław"
"Kiełczów - Lipowa","Wrocław"
"Kiełczów - Ładna","Wrocław"
"Kiełczów - Mleczna","Wrocław"
"Kiełczów - osiedle","Wrocław"
"Kiełczów - pętla/Wrocławska","Wrocław"
"Kiełczów - pętla (Plac Jana Pawła)","Wrocław"
"Kiełczów - Rzeczna","Wrocław"
"Kiełczów - Sielska Dolina","Wrocław"
"Kiełczów - Sielska Zagroda","Wrocław"
"Kiełczów - Sosnowa","Wrocław"
"Kiełczów - WODROL","Wrocław"
"Kiełczów - Wrocławska","Wrocław"
"Kiełczów - Zgodna","Wrocław"
"KLECINA","Wrocław"
"KLECINA (Stacja kolejowa)","Wrocław"
"Kleczkowska","Wrocław"
"Klimasa","Wrocław"
"Kliniki","Wrocław"
"KŁOKOCZYCE","Wrocław"
"Kmieca","Wrocław"
"KMINKOWA","Wrocław"
"Kobierzycka","Wrocław"
"Kochanowskiego","Wrocław"
"KOLBUSZOWSKA (Stadion)","Wrocław"
"Kolejowa","Wrocław"
"Kolista","Wrocław"
"Kolista","Wrocław"
"Kolonia Kiełczów","Wrocław"
"Kołobrzeska","Wrocław"
"Komandorska","Wrocław"
"Kominiarska","Wrocław"
"Kominiarska-plac sportowy","Wrocław"
"Komuny Paryskiej","Wrocław"
"Komuny Paryskiej (szkoła)","Wrocław"
"Konduktorska","Wrocław"
"Końcowa","Wrocław"
"Kopańskiego","Wrocław"
"Kopernika","Wrocław"
"Kosmonautów (Nowe Żerniki)","Wrocław"
"Kosmonautów (Szpital)","Wrocław"
"Kossak-Szczuckiej","Wrocław"
"Koszarowa","Wrocław"
"KOSZAROWA (Szpital)","Wrocław"
"KOSZAROWA (Uniwersytet)","Wrocław"
"Kościelna","Wrocław"
"Kościuszki","Wrocław"
"Kośnego","Wrocław"
"Kośnego1","Wrocław"
"Kotowice II-Spacerowa/Leśna","Wrocław"
"Kotowice - Cmentarna","Wrocław"
"Kotowice - Główna","Wrocław"
"Kotowice - Ogrodowa","Wrocław"
"KOWALE","Wrocław"
"Kowale (Stacja kolejowa)","Wrocław"
"Kowalska","Wrocław"
"Kowalska 56","Wrocław"
"Kowalska I","Wrocław"
"KOWALSKA (Urząd Pocztowy)","Wrocław"
"Kowieńska","Wrocław"
"Kozanowska","Wrocław"
"KOZANÓW","Wrocław"
"KOZANÓW (Dokerska)","Wrocław"
"Kozia","Wrocław"
"Krajobrazowa","Wrocław"
"Krakowiany","Wrocław"
"Krakowiany - skrzy.","Wrocław"
"Krakowska","Wrocław"
"KRAKOWSKA (Centrum handlowe)","Wrocław"
"Krasińskiego","Wrocław"
"Krępice","Wrocław"
"Krępicka","Wrocław"
"Krępicka - szkoła","Wrocław"
"KROMERA","Wrocław"
"Królewiecka","Wrocław"
"Królewiecka (Staw)","Wrocław"
"Królewska","Wrocław"
"Krucza","Wrocław"
"Krynicka","Wrocław"
"Krzelowska","Wrocław"
"Krzemieniecka","Wrocław"
"KRZYKI","Wrocław"
"KRZYŻANOWICE","Wrocław"
"Księska","Wrocław"
"KSIĘŻE MAŁE","Wrocław"
"Księże Wielkie","Wrocław"
"Kurpiów","Wrocław"
"Kutrzeby","Wrocław"
"KUŹNIKI","Wrocław"
"KUŹNIKI (Stacja kolejowa)","Wrocław"
"Kwiatkowskiego","Wrocław"
"Kwiatkowskiego (Rondo)","Wrocław"
"Kwidzyńska","Wrocław"
"Kwiska","Wrocław"
"Lamowice","Wrocław"
"Las Mokrzański","Wrocław"
"Las Osobowicki","Wrocław"
"Las Ratyński","Wrocław"
"Lawendowa","Wrocław"
"Lekarska","Wrocław"
"LEŚNICA","Wrocław"
"Leśnica (stacja kolejowa)","Wrocław"
"LEŚNICA - Hermes","Wrocław"
"Libelta","Wrocław"
"LIPA PIOTROWSKA","Wrocław"
"Lipska","Wrocław"
"LITEWSKA (Pętla)","Wrocław"
"LITOMSKA (ZUS)","Wrocław"
"Lubelska","Wrocław"
"LUTYNIA","Wrocław"
"Lutynia I","Wrocław"
"Lutynia Osiedle","Wrocław"
"Lutynia - Kolonia","Wrocław"
"Lutynia - Straż","Wrocław"
"Łosice","Wrocław"
"Łosice - plac zabaw","Wrocław"
"Łososiowicka","Wrocław"
"Łowęcice - Staw","Wrocław"
"ŁOZINA","Wrocław"
"Łozina Cmentarz","Wrocław"
"Łozina - cmentarz","Wrocław"
"Łozina - kościół","Wrocław"
"Łozina - Milicka","Wrocław"
"Łozina - Milicka/poczta","Wrocław"
"Łozina - Milicka/szkoła","Wrocław"
"Łozina - Nowego Osiedla","Wrocław"
"Łozina - Nowego Osiedla I","Wrocław"
"Łozina - Nowego Osiedla II","Wrocław"
"Łozina - Ośrodek zdrowia","Wrocław"
"Łozina - skrzy.","Wrocław"
"Łozina - Wrocławska","Wrocław"
"Łozina - Wrocławska (na wys. nr 18)","Wrocław"
"Ługowa","Wrocław"
"Łukaszowice","Wrocław"
"Łużycka","Wrocław"
"Malinowa","Wrocław"
"Malinowskiego","Wrocław"
"Malwowa","Wrocław"
"Małomicka","Wrocław"
"Małopanewska","Wrocław"
"Małopolska","Wrocław"
"Marcepanowa","Wrocław"
"Marchewkowa","Wrocław"
"MARINO","Wrocław"
"Marszowice","Wrocław"
"Marszowicka","Wrocław"
"Maślice Małe","Wrocław"
"Maślicka","Wrocław"
"Maślicka (Staw)","Wrocław"
"Maślicka - Osiedle","Wrocław"
"Metalowców","Wrocław"
"METALOWCÓW (Ośrodek sportu)","Wrocław"
"Michałowice","Wrocław"
"Michałowice Skrzyżowanie","Wrocław"
"Mickiewicza","Wrocław"
"Mielecka","Wrocław"
"Międzyrzecka","Wrocław"
"Mikołowska","Wrocław"
"Miłoszycka","Wrocław"
"Miłoszyn","Wrocław"
"MIŃSKA (Rondo Rotm. Pileckiego)","Wrocław"
"Miodowa","Wrocław"
"Mirków - Jagiellońska","Wrocław"
"Mirków - Sportowa","Wrocław"
"Mirków - stadion","Wrocław"
"Mirków - Wolności","Wrocław"
"Młodych Techników","Wrocław"
"Mochnackiego","Wrocław"
"Modra","Wrocław"
"Mokra","Wrocław"
"Mokronoska","Wrocław"
"Mokronos Dolny Parkowa/Stawowa","Wrocław"
"MOKRY DWÓR","Wrocław"
"Mokrzańska","Wrocław"
"Moniuszki","Wrocław"
"Monopolowa","Wrocław"
"Monte Cassino","Wrocław"
"Morelowskiego","Wrocław"
"Morwowa","Wrocław"
"Mostostal","Wrocław"
"mosty Mieszczańskie","Wrocław"
"Mosty Warszawskie","Wrocław"
"most Grunwaldzki","Wrocław"
"Most Milenijny","Wrocław"
"Most Muchoborski","Wrocław"
"most Osobowicki","Wrocław"
"Most Rakowiecki","Wrocław"
"Mroźna","Wrocław"
"MUCHOBÓR MAŁY (stacja kolejowa)","Wrocław"
"Muchobór Wielki","Wrocław"
"Muchobór Wielki (pętla)","Wrocław"
"Mydlana","Wrocław"
"Mydlice I","Wrocław"
"Mydlice II","Wrocław"
"Na Grobli","Wrocław"
"Na Grobli 22","Wrocław"
"Na Niskich Łąkach","Wrocław"
"Na Ostatnim Groszu","Wrocław"
"Na Szańcach","Wrocław"
"Niedziałkowskiego","Wrocław"
"Niedźwiedzia","Wrocław"
"Norwida","Wrocław"
"Nowodworska","Wrocław"
"Nowowiejska","Wrocław"
"Nowy Dom","Wrocław"
"Nowy Dwór","Wrocław"
"NOWY DWÓR (Pętla)","Wrocław"
"Nowy Dwór (Rogowska)","Wrocław"
"Nowy Dwór (Stacja kolejowa)","Wrocław"
"Nyska","Wrocław"
"NYSKA","Wrocław"
"Obornicka (Obwodnica)","Wrocław"
"Oboźna","Wrocław"
"Odolanowska","Wrocław"
"Odrodzenia Polski","Wrocław"
"Ogród Botaniczny","Wrocław"
"Ojca Beyzyma","Wrocław"
"Okrzei","Wrocław"
"Oleśniczka","Wrocław"
"Oleśniczka - skrzy.","Wrocław"
"Oleśniczka - skrzyżowanie","Wrocław"
"Olsztyńska","Wrocław"
"Oławska","Wrocław"
"Ołtaszyn","Wrocław"
"OPATOWICE","Wrocław"
"Opatowicka nr 127","Wrocław"
"Opatowicka nr 59","Wrocław"
"Opatowicka nr 69","Wrocław"
"Opatowicka nr 85","Wrocław"
"Opera","Wrocław"
"OPORÓW","Wrocław"
"Orla","Wrocław"
"Orląt Lwowskich","Wrocław"
"Orlińskiego","Wrocław"
"Orzechowa","Wrocław"
"OSIEDLE SOBIESKIEGO (Pętla)","Wrocław"
"OSIEDLE SOBIESKIEGO (Pętla)","Wrocław"
"Osiniecka","Wrocław"
"OSOBOWICE","Wrocław"
"OSOBOWICE (Stacja kolejowa)","Wrocław"
"OSOBOWICKA (Cmentarz)","Wrocław"
"OSOBOWICKA (Cmentarz II)","Wrocław"
"Ossolineum","Wrocław"
"Ostowa","Wrocław"
"Ostrowskiego","Wrocław"
"Os. Przyjaźni","Wrocław"
"Owczarska","Wrocław"
"Ozorzyce-Krasińskiego","Wrocław"
"Ożynowa","Wrocław"
"Palacha","Wrocław"
"Paprotna","Wrocław"
"Parafialna","Wrocław"
"Park Brochowski","Wrocław"
"PARK POŁUDNIOWY","Wrocław"
"Park Stabłowicki","Wrocław"
"Park Staromiejski","Wrocław"
"Park Szczytnicki","Wrocław"
"Park Tysiąclecia","Wrocław"
"Park Wschodni","Wrocław"
"Park Zachodni","Wrocław"
"Partynice","Wrocław"
"Partynicka","Wrocław"
"Partyzantów","Wrocław"
"Pasikurowice-cmentarz","Wrocław"
"Pasikurowice-Energetyczna","Wrocław"
"Pasikurowice-Malinowa","Wrocław"
"Pasikurowice - cmentarz","Wrocław"
"Pasikurowice - Energetyczna","Wrocław"
"Pasikurowice - n/ż","Wrocław"
"Pasikurowice - skrzy. Malinowa","Wrocław"
"Pasikurowice - Wrocławska (na wys. nr 14)","Wrocław"
"Paulińska","Wrocław"
"Pawłowice","Wrocław"
"Pawłowice","Wrocław"
"PAWŁOWICE (Widawska)","Wrocław"
"Pawłowicka","Wrocław"
"Pereca","Wrocław"
"PETRUSEWICZA","Wrocław"
"Piastowska","Wrocław"
"PIECOWICE","Wrocław"
"Pietrzykowice","Wrocław"
"Pietrzykowice-zakład","Wrocław"
"Pietrzykowice Wrocławska/Stawowa","Wrocław"
"PILCZYCE","Wrocław"
"Pilczycka (Anima)","Wrocław"
"Piłsudskiego","Wrocław"
"Piołunowa","Wrocław"
"Piramowicza","Wrocław"
"Pisarzowice","Wrocław"
"Pisarzowice - Baza","Wrocław"
"Pisarzowice - Graniczna","Wrocław"
"Pisarzowice - Kolejowa","Wrocław"
"Pisarzowice - Odrzańska","Wrocław"
"Pisarzowice - Szkolna","Wrocław"
"Pisarzowice - ul. Kolejowa","Wrocław"
"Pisarzowice - Wrocławska","Wrocław"
"Piwnika - Ponurego","Wrocław"
"pl. Bema","Wrocław"
"PL. DANIŁOWSKIEGO","Wrocław"
"pl. Grunwaldzki","Wrocław"
"PL. GRUNWALDZKI","Wrocław"
"Pl. Hirszfelda","Wrocław"
"PL. JANA PAWŁA II","Wrocław"
"pl. Legionów","Wrocław"
"pl. Nowy Targ","Wrocław"
"pl. Orląt Lwowskich","Wrocław"
"Pl. SOLIDARNOŚCI","Wrocław"
"PL. STASZICA","Wrocław"
"pl. Strzegomski (Muzeum Współczesne)","Wrocław"
"pl. Wróblewskiego","Wrocław"
"pl. Zgody","Wrocław"
"Płońskiego","Wrocław"
"Poczta Główna","Wrocław"
"POCZTA POLSKA","Wrocław"
"Podwale","Wrocław"
"Pola","Wrocław"
"POLANOWICE","Wrocław"
"Polanowicka","Wrocław"
"Poleska","Wrocław"
"Politechnika Wrocławska","Wrocław"
"Polkowicka","Wrocław"
"Połabian","Wrocław"
"Pomorska","Wrocław"
"Popowice","Wrocław"
"POPOWICE (Stacja kolejowa)","Wrocław"
"Poprzeczna","Wrocław"
"PORT LOTNICZY","Wrocław"
"Poświęcka","Wrocław"
"POŚWIĘCKA (Ośrodek zdrowia)","Wrocław"
"POŚWIĘTNE","Wrocław"
"Poznańska","Wrocław"
"Północna","Wrocław"
"PRACZE ODRZAŃSKIE","Wrocław"
"PRACZE ODRZAŃSKIE (Stacja kolejowa)","Wrocław"
"Pracze Widawskie","Wrocław"
"Pretficza","Wrocław"
"Prudnicka","Wrocław"
"Prusa","Wrocław"
"Pruszowice","Wrocław"
"Pruszowice - las","Wrocław"
"Pruszowice - wieś","Wrocław"
"Przebiśniegowa","Wrocław"
"Przedwiośnie (Stacja kolejowa)","Wrocław"
"Przedwiośnie (Stacja kolejowa)","Wrocław"
"Przybyły","Wrocław"
"Przybyszewskiego","Wrocław"
"Przyjaźni","Wrocław"
"Przystankowa","Wrocław"
"PSARY","Wrocław"
"Psary - Parkowa","Wrocław"
"Psary - Szkoła","Wrocław"
"Psie Pole","Wrocław"
"Psie Pole (Gorlicka)","Wrocław"
"Psie Pole (Rondo)","Wrocław"
"Psie Pole (Rondo)","Wrocław"
"Psie Pole (Rondo)","Wrocław"
"Psie Pole (stacja kolejowa)","Wrocław"
"PSIE POLE (Stacja kolejowa)","Wrocław"
"Psie Pole (Sycowska)","Wrocław"
"Pułaskiego","Wrocław"
"PUŁTUSKA","Wrocław"
"Pustecka","Wrocław"
"Racławicka","Wrocław"
"Racławicka (Gimnazjum nr 23)","Wrocław"
"RACŁAWICKA (pętla)","Wrocław"
"Radakowice - Świetlica","Wrocław"
"Radio i Telewizja","Wrocław"
"Radomierzyce","Wrocław"
"Radwanice - Dębowa","Wrocław"
"Radwanice - Mickiewicza","Wrocław"
"Radwanice - Poprzeczna","Wrocław"
"Radwanice - Skrajna","Wrocław"
"Radwanice - szkoła","Wrocław"
"Rakowiecka","Wrocław"
"Raków","Wrocław"
"Raków I","Wrocław"
"Raków II","Wrocław"
"Raków III","Wrocław"
"Raków IV","Wrocław"
"Raków - osiedle","Wrocław"
"Raków - skrzy.","Wrocław"
"Raków - skrzyżowanie","Wrocław"
"Raków - zakład","Wrocław"
"Ramiszów","Wrocław"
"Ramiszów-kolonia","Wrocław"
"RATYŃ","Wrocław"
"Ratyń - skrzyżowanie","Wrocław"
"Rdestowa","Wrocław"
"Redycka","Wrocław"
"Reja","Wrocław"
"Renoma","Wrocław"
"RĘDZIN","Wrocław"
"RĘDZIŃSKA","Wrocław"
"Rękodzielnicza","Wrocław"
"Robotnicza (Cenrozłom)","Wrocław"
"Robotnicza (Centrozłom)","Wrocław"
"ROD Bajki","Wrocław"
"ROD Bielany","Wrocław"
"ROD Mieczyk","Wrocław"
"ROD Oświata","Wrocław"
"ROD Pod Dębem","Wrocław"
"ROD Pod Morwami","Wrocław"
"ROD Storczyk","Wrocław"
"ROD Tysiąclecia","Wrocław"
"ROD Zgoda","Wrocław"
"ROD Źródło Zdrowia","Wrocław"
"Rogowska","Wrocław"
"Rondo","Wrocław"
"rondo Św. Ojca Pio","Wrocław"
"Roweckiego","Wrocław"
"Rozbrat","Wrocław"
"Różanka","Wrocław"
"Rubczaka","Wrocław"
"RUBCZAKA (Stacja kolejowa)","Wrocław"
"Rymarska","Wrocław"
"Rynek","Wrocław"
"Rysia","Wrocław"
"Rzemieślnicza","Wrocław"
"Samotworska","Wrocław"
"SAMOTWÓR-PAŁAC","Wrocław"
"Samotwór - Dębowa","Wrocław"
"SAMOTWÓR - PAŁAC","Wrocław"
"Sanocka","Wrocław"
"Sąsiedzka","Wrocław"
"Semaforowa","Wrocław"
"Serbska","Wrocław"
"SĘPOLNO","Wrocław"
"Siechnice","Wrocław"
"Siechnice - CPN","Wrocław"
"Siechnice - CPN n ż","Wrocław"
"Siechnice - Elektrociepłownia","Wrocław"
"Siechnice - Gimnazjum","Wrocław"
"Siechnice - ogrodnictwo","Wrocław"
"Siechnice - Opolska","Wrocław"
"SIECHNICE - OSIEDLE","Wrocław"
"Siechnice - Staszica","Wrocław"
"Siechnice - Szkolna","Wrocław"
"SIECHNICE - TIM","Wrocław"
"Siechnice - wiadukt","Wrocław"
"Siechnice - Zacisze","Wrocław"
"Siechnice - ZOZ","Wrocław"
"Siedlec-skrzyżowanie","Wrocław"
"Siedlec-szkoła","Wrocław"
"Siedlec - skrzy. Osiedlowa","Wrocław"
"Siedlec - stacja","Wrocław"
"Siedlec - Wrocławska/sklep","Wrocław"
"Siedlec - Wrocławska/szkoła","Wrocław"
"Siostrzana","Wrocław"
"Skała","Wrocław"
"Skała - skrzy. (obr. Węgrów)","Wrocław"
"Skarbowców","Wrocław"
"SKARBOWCÓW (Pętla)","Wrocław"
"Skarżyńskiego","Wrocław"
"Skierniewicka","Wrocław"
"Skwerowa","Wrocław"
"Słoneczna","Wrocław"
"Słonimskiego","Wrocław"
"Słowiańska","Wrocław"
"Smardzów","Wrocław"
"SMARDZÓW (FERMA)","Wrocław"
"Smardzów - Reja","Wrocław"
"Smocza","Wrocław"
"Solskiego","Wrocław"
"SOŁTYSOWICE","Wrocław"
"Sołtysowicka","Wrocław"
"Sosnowiecka","Wrocław"
"Sowia","Wrocław"
"SPISKA (Ośrodek sportu)","Wrocław"
"Spółdzielcza","Wrocław"
"Stabłowice","Wrocław"
"STABŁOWICKA (Ośrodek zdrowia)","Wrocław"
"Stabłowicka (Szkoła Podstawowa nr 22)","Wrocław"
"Stabłowicka (Szkoła Podstawowa nr 22)","Wrocław"
"Stadion Olimpijski","Wrocław"
"STADION WROCŁAW (Królewiecka)","Wrocław"
"STADION WROCŁAW (Królewiecka)","Wrocław"
"STADION WROCŁAW (Królewiecka)","Wrocław"
"Stadion Wrocław (Lotnicza)","Wrocław"
"Stadion Wrocław (Lotnicza)","Wrocław"
"Stalowa","Wrocław"
"Stanisławowska","Wrocław"
"Stanki","Wrocław"
"Starodębowa","Wrocław"
"Starodworska","Wrocław"
"STARODWORSKA (ZUW)","Wrocław"
"Starogajowa","Wrocław"
"Stępin","Wrocław"
"Stępin - kościół","Wrocław"
"STĘPIN - pętla","Wrocław"
"Stoczniowa","Wrocław"
"Strachowice","Wrocław"
"Strachowice General Aviation","Wrocław"
"Strachowicka","Wrocław"
"Strachowskiego","Wrocław"
"Strumykowa","Wrocław"
"Strzegomska 56","Wrocław"
"Sucha","Wrocław"
"Sulęcin","Wrocław"
"Sulimów","Wrocław"
"Sułowska (Rondo)","Wrocław"
"Suwalska","Wrocław"
"Swobodna","Wrocław"
"Swojczyce","Wrocław"
"Swojczycka","Wrocław"
"Szczecińska","Wrocław"
"Szczepin","Wrocław"
"SZCZODRE","Wrocław"
"Szczodre-Trzebnicka (na wys. nr 3a)","Wrocław"
"Szczodre - pętla","Wrocław"
"Szczodre - stawy","Wrocław"
"Szczodre - Szkoła","Wrocław"
"Szczodre - Trzebnicka","Wrocław"
"Szewczenki","Wrocław"
"Szkocka","Wrocław"
"Szkolna","Wrocław"
"Szkoła Żerniki","Wrocław"
"Szp. Kolejowy","Wrocław"
"Sztabowa","Wrocław"
"Szybka","Wrocław"
"Szybowcowa","Wrocław"
"Szymanowskiego","Wrocław"
"SZYMANÓW","Wrocław"
"Szymanów - skrzyż.","Wrocław"
"Ścinawska","Wrocław"
"Ślazowa (pętla)","Wrocław"
"Ślęza","Wrocław"
"Ślęza (ul. Dębowa)","Wrocław"
"Ślęza (ul. Przystankowa)","Wrocław"
"Ślęza (ul. Pszenna - autostrada)","Wrocław"
"Śliczna","Wrocław"
"Śliwice","Wrocław"
"Śliwowa","Wrocław"
"Ślusarska","Wrocław"
"Śniadeckich","Wrocław"
"Śnieżna","Wrocław"
"Średzka","Wrocław"
"Śrubowa","Wrocław"
"Świdnicka","Wrocław"
"ŚWIDNICKA (Dom Europy)","Wrocław"
"Świeradowska","Wrocław"
"Świętokrzyska","Wrocław"
"ŚWINIARY","Wrocław"
"Świstackiego","Wrocław"
"Świt","Wrocław"
"Św. Katarzyna","Wrocław"
"Św. Katarzyna1","Wrocław"
"Św. Katarzyna","Wrocław"
"Św. Katarzyna n.ż","Wrocław"
"Św. Katarzyna - Główna","Wrocław"
"Św. Katarzyna - Główna n ż","Wrocław"
"Św. Katarzyna - Parkowa","Wrocław"
"Św. Katarzyna - przedszkole","Wrocław"
"Św. Katarzyna - skrzyżowanie","Wrocław"
"ŚW. Katarzyna - stacja","Wrocław"
"Św. Katarzyna - szkoła","Wrocław"
"Św. Katarzyna - szpital","Wrocław"
"Św. Katarzyna - Żernicka","Wrocław"
"TARNOGAJ","Wrocław"
"Tczewska","Wrocław"
"Tokary","Wrocław"
"Tokary - centrum","Wrocław"
"Tokary - osiedle","Wrocław"
"Topolowa","Wrocław"
"Tramwajowa","Wrocław"
"Transbud","Wrocław"
"Trawowa","Wrocław"
"Trestno","Wrocław"
"TRESTNO (Pętla)","Wrocław"
"Trzebnicka","Wrocław"
"Trzmielowicka","Wrocław"
"TRZMIELOWICKA (Stacja kolejowa)","Wrocław"
"Tunelowa","Wrocław"
"Turoszowska","Wrocław"
"Twardogórska","Wrocław"
"Tymiankowa","Wrocław"
"Tyniecka","Wrocław"
"Tyrmanda","Wrocław"
"Uniwersytecka","Wrocław"
"Uniwersytet","Wrocław"
"Uniwersytet Ekonomiczny","Wrocław"
"Uniwersytet Medyczny","Wrocław"
"Unruga","Wrocław"
"Urząd Wojewódzki","Wrocław"
"Volvo","Wrocław"
"Volvo - brama II","Wrocław"
"Wallenroda","Wrocław"
"WAŁBRZYSKA","Wrocław"
"Waniliowa","Wrocław"
"Wapienna","Wrocław"
"Warmińska","Wrocław"
"Wawrzyniaka","Wrocław"
"Weigla","Wrocław"
"Wejherowska","Wrocław"
"Wełniana","Wrocław"
"Węglowa","Wrocław"
"Węgrów","Wrocław"
"Węgrów (na wys. nr 19)","Wrocław"
"Wiaduktowa","Wrocław"
"Widawa","Wrocław"
"Wiejska","Wrocław"
"Wielka","Wrocław"
"Wielkopolska","Wrocław"
"Wilczyce","Wrocław"
"Wilczyce Wilczycka Clarena","Wrocław"
"Wilczyce Wilczycka Stary Młyn","Wrocław"
"Wilczyce - Borowa","Wrocław"
"Wilczyce - Dębowa","Wrocław"
"Wilczyce - Dworska","Wrocław"
"Wilczyce - Sosnowa","Wrocław"
"Wilczyce - stary młyn","Wrocław"
"Wilczyce - Szkoła","Wrocław"
"Wilczyce - Wilczycka","Wrocław"
"Wilkszyn","Wrocław"
"Wilkszyn (pętla)","Wrocław"
"Wilkszyn - Graniczna","Wrocław"
"Wilkszyn - Miłoszyn","Wrocław"
"Wilkszyn - Polna","Wrocław"
"Wilkszyńska","Wrocław"
"Wiślańska","Wrocław"
"Wiśniowa","Wrocław"
"Wita Stwosza","Wrocław"
"Witkowska","Wrocław"
"Wojanowska","Wrocław"
"Wojanowska (Arachidowa)","Wrocław"
"Wojanowska (Olbrachtowska)","Wrocław"
"WOJANOWSKA (pętla)","Wrocław"
"Wojanowska (Stoszowska)","Wrocław"
"WOJNÓW","Wrocław"
"WOJNÓW (pętla)","Wrocław"
"Wojszyce","Wrocław"
"Wojszycka","Wrocław"
"Wolska","Wrocław"
"Wrocławski Park Przemysłowy","Wrocław"
"Wrocławski Park Technologiczny","Wrocław"
"Wrocław Brochów","Wrocław"
"Wrocław Główny","Wrocław"
"Wrocław Grabiszyn","Wrocław"
"Wrocław Kuźniki","Wrocław"
"Wrocław Leśnica","Wrocław"
"Wrocław Mikołajów","Wrocław"
"Wrocław Muchobór","Wrocław"
"Wrocław Nadodrze","Wrocław"
"Wrocław Nowy Dwór","Wrocław"
"Wrocław Osobowice","Wrocław"
"Wrocław Pawłowice","Wrocław"
"Wrocław Popowice","Wrocław"
"Wrocław Pracze","Wrocław"
"Wrocław Psie Pole","Wrocław"
"Wrocław Sołtysowice","Wrocław"
"Wrocław Stadion","Wrocław"
"Wrocław Świniary","Wrocław"
"Wrocław Zachodni","Wrocław"
"Wrocław Zakrzów","Wrocław"
"Wrocław Żerniki","Wrocław"
"Wrozamet","Wrocław"
"Wschowska","Wrocław"
"Wysoka","Wrocław"
"Wysoka-Chabrowa","Wrocław"
"Wysoka-Radosna","Wrocław"
"Wysoka Osiedle","Wrocław"
"Wyszyńskiego","Wrocław"
"Wyścigowa","Wrocław"
"Wyższa Szkoła Bankowa","Wrocław"
"ZABRODZIE","Wrocław"
"ZACHODNIA (Stacja kolejowa)","Wrocław"
"Zacisze","Wrocław"
"Zagłębiowska","Wrocław"
"Zagłoby","Wrocław"
"Zagony","Wrocław"
"Zagrodnicza","Wrocław"
"Zajazdowa","Wrocław"
"Zajączkowska","Wrocław"
"Zajezdnia BOREK","Wrocław"
"Zajezdnia DĄBIE","Wrocław"
"Zajezdnia GAJ","Wrocław"
"Zajezdnia GĄDÓW","Wrocław"
"Zajezdnia Grabiszyńska","Wrocław"
"Zajezdnia IX","Wrocław"
"Zajezdnia Obornicka","Wrocław"
"Zajezdnia OŁBIN","Wrocław"
"Zajezdnia VII","Wrocław"
"Zakładowa","Wrocław"
"Zakrzowska","Wrocław"
"ZAKRZÓW","Wrocław"
"Zalewowa","Wrocław"
"Zamkowa","Wrocław"
"Zaporoska","Wrocław"
"Zaprężyn","Wrocław"
"Zaprężyn - skrzy.","Wrocław"
"Zaprężyn - skrzyżowanie","Wrocław"
"Zarembowicza","Wrocław"
"ZAWALNA","Wrocław"
"Zbożowa","Wrocław"
"Zemska","Wrocław"
"ZĘBICE - pętla","Wrocław"
"Zębice - Prusa","Wrocław"
"Zębice - skrzyżowanie","Wrocław"
"Zębice - Trzech Lip/Prusa","Wrocław"
"Zgorzelisko","Wrocław"
"Zielińskiego","Wrocław"
"Zielna","Wrocław"
"Ziemniaczana","Wrocław"
"Zimowa","Wrocław"
"Złotnicka","Wrocław"
"Złotniki","Wrocław"
"Złotostocka","Wrocław"
"ZOO","Wrocław"
"Zwycięska","Wrocław"
"ŻAR","Wrocław"
"Żelazna","Wrocław"
"Żernicka","Wrocław"
"Żernicka (stacja kolejowa)","Wrocław"
"Żerniki","Wrocław"
"ŻERNIKI WROCŁAWSKIE","Wrocław"
"Żerniki Wr. - Kolejowa","Wrocław"
"Żerniki Wr. - Orla","Wrocław"
"Żerniki Wr. - skrzyżowanie","Wrocław"
"Żeromskiego","Wrocław"
"Żmigrodzka (Obwodnica)","Wrocław"
"Żmudzka","Wrocław"
